{
  "inputUnits": [34],
  "outputUnits": 2,
  "inputs": {
    "0": {
      "dtype": "number",
      "min": 161.36282327811853,
      "max": 532.8582882648788
    },
    "1": {
      "dtype": "number",
      "min": 23.204942967227083,
      "max": 195.82175925925924
    },
    "2": {
      "dtype": "number",
      "min": 180.59048457452428,
      "max": 551.2502123737893
    },
    "3": {
      "dtype": "number",
      "min": 8.655727453399123,
      "max": 183.1632400720905
    },
    "4": {
      "dtype": "number",
      "min": 147.69414295694747,
      "max": 514.213187829328
    },
    "5": {
      "dtype": "number",
      "min": 12.850451255634738,
      "max": 186.86230516340765
    },
    "6": {
      "dtype": "number",
      "min": 203.63834760342425,
      "max": 566.895286753396
    },
    "7": {
      "dtype": "number",
      "min": 13.991346452203643,
      "max": 193.55620088633037
    },
    "8": {
      "dtype": "number",
      "min": 125.84081638626188,
      "max": 487.1612911707709
    },
    "9": {
      "dtype": "number",
      "min": 17.633595903482117,
      "max": 197.9301864594279
    },
    "10": {
      "dtype": "number",
      "min": 191.7894437020285,
      "max": 602.5707347490634
    },
    "11": {
      "dtype": "number",
      "min": 127.28387367888035,
      "max": 276.48195530703657
    },
    "12": {
      "dtype": "number",
      "min": 85.1415307712369,
      "max": 447.6224462795443
    },
    "13": {
      "dtype": "number",
      "min": 121.88525343034235,
      "max": 270.8643363372624
    },
    "14": {
      "dtype": "number",
      "min": 148.30957007454617,
      "max": 627.5648204067297
    },
    "15": {
      "dtype": "number",
      "min": 127.264963488365,
      "max": 372.1015588117157
    },
    "16": {
      "dtype": "number",
      "min": 27.90630377756457,
      "max": 456.93861219618054
    },
    "17": {
      "dtype": "number",
      "min": 123.01373041164106,
      "max": 357.19571015058665
    },
    "18": {
      "dtype": "number",
      "min": 106.77648235715155,
      "max": 639.0939841540004
    },
    "19": {
      "dtype": "number",
      "min": 31.5177599217227,
      "max": 450.0590434827302
    },
    "20": {
      "dtype": "number",
      "min": -25.400792766965154,
      "max": 550.4797196713572
    },
    "21": {
      "dtype": "number",
      "min": 57.39673517833211,
      "max": 449.06250475907643
    },
    "22": {
      "dtype": "number",
      "min": 190.5894663552327,
      "max": 588.1303420633833
    },
    "23": {
      "dtype": "number",
      "min": 378.15556278935185,
      "max": 464.6085493002254
    },
    "24": {
      "dtype": "number",
      "min": 78.94615024618702,
      "max": 492.1012643438566
    },
    "25": {
      "dtype": "number",
      "min": 389.2745882447003,
      "max": 467.8717683490954
    },
    "26": {
      "dtype": "number",
      "min": 157.56573994954425,
      "max": 614.5806509988349
    },
    "27": {
      "dtype": "number",
      "min": 535.9938510351943,
      "max": 578.0126417728892
    },
    "28": {
      "dtype": "number",
      "min": 83.11679118790356,
      "max": 569.0823572467409
    },
    "29": {
      "dtype": "number","min":547.6455051950079,"max":578.0694996497319},"30":{"dtype":"number","min":158.28481707656593,"max":598.3149839330603},"31":{"dtype":"number","min":554.5015337313824,"max":561.576773957667},"32":{"dtype":"number","min":102.15375487567388,"max":581.8537400154574},"33":{"dtype":"number","min":552.9700153194673,"max":560.3373750980369}},"outputs":{"0":{"dtype":"string","min":0,"max":1,"uniqueValues":["a","d"],"legend":{"a":[1,0],"d":[0,1]}}},"isNormalized":true}